Workbook

Sheet OT_Records
A1: 📋 บันทึก OT พนักงาน — บริษัท Adrun
A2: ชื่อพนักงาน | B2: วันที่ | C2: เวลาเริ่ม | D2: เวลาสิ้นสุด | E2: ชม. | F2: งานที่ทำ | G2: สถานที่ | H2: ประเภท OT | I2: ค่า OT (฿) | J2: บันทึกเมื่อ | K2: PayrollID

Sheet Employees
A1: 👥 ข้อมูลพนักงาน & เรท OT
A2: ชื่อพนักงาน | B2: ค่าจ้าง/ชม. (฿) | C2: เหมาจ่ายวันหยุด (฿) | D2: userId
A3: Air | B3: 80 | C3: 500
A4: Petch | B4: 80 | C4: 600
A5: Touch | B5: 100 | C5: 700
A6: Scene | B6: 90 | C6: 550
A7: Aon | B7: 120 | C7: 800
A8: Tin | B8: 120 | C8: 800
A9: Neng | B9: 120 | C9: 800 | D9: Uadbec6a1c6fddfb13f4cce36920abab9
A11: 💡 เพิ่ม/แก้ไขรายชื่อในตารางนี้ได้เลย — Bot จะดึงข้อมูลล่าสุดเสมอ

Sheet Holidays
A1: 🎌 วันหยุดประจำปี
A2: วันที่ | B2: วันในสัปดาห์ | C2: ชื่อวันหยุด
A3: 01/01/2569 | B3: พฤหัสบดี | C3: วันขึ้นปีใหม่
A4: 02/01/2569 | B4: ศุกร์ | C4: ชดเชยวันสิ้นปี
A5: 03/03/2569 | B5: อังคาร | C5: วันมาฆบูชา
A6: 06/04/2569 | B6: จันทร์ | C6: วันจักรี
A7: 13/04/2569 | B7: จันทร์ | C7: วันสงกรานต์
A8: 14/04/2569 | B8: อังคาร | C8: วันสงกรานต์
A9: 15/04/2569 | B9: พุธ | C9: วันสงกรานต์
A10: 01/05/2569 | B10: ศุกร์ | C10: วันแรงงานแห่งชาติ
A11: 04/05/2569 | B11: จันทร์ | C11: วันฉัตรมงคล
A12: 01/06/2569 | B12: จันทร์ | C12: วันวิสาขบูชา
A13: 03/06/2569 | B13: พุธ | C13: วันเฉลิมพระชนมพรรษา พระราชินี
... A22: 31/12/2569 | B22: พฤหัสบดี | C22: วันสิ้นปี

Sheet Edit_Requests
A1: 🔧 คำขอแก้ไข OT
A2: ชื่อพนักงาน | B2: วันที่ OT | C2: รายการเดิม | D2: หมายเหตุจากพนักงาน | E2: สถานะ | F2: วันที่รับเรื่อง

Sheet Monthly_Summary
A1: 📊 สรุป OT รายเดือน
A2: เดือน (MM): | B2: 5 | C2: ปี พ.ศ.: | D2: 2569 | E2: ← | F2: แก้ไขเดือนและปีด้านบน เพื่ออัปเดตสรุปอัตโนมัติ
A3: ชื่อพนักงาน | B3: OT วันธรรมดา (ชม.) | C3: OT วันหยุด (ครั้ง) | D3: ค่า OT รวม (฿) | E3: จำนวนรายการ | F3: หมายเหตุ
A4: Air | B4: =SUMPRODUCT((OT_Records!$A$3:$A$20000=A4)*(MID(OT_Records!$B$3:$B$20000,4,2)=TEXT($B$2,"00"))*(RIGHT(OT_Records!$B$3:$B$20000,4)=TEXT($D$2,"0"))*(OT_Records!$H$3:$H$20000="วันธรรมดา")*IFERROR(VALUE(OT_Records!$E$3:$E$20000),0)) | C4: =SUMPRODUCT((OT_Records!$A$3:$A$20000=A4)*(MID(OT_Records!$B$3:$B$20000,4,2)=TEXT($B$2,"00"))*(RIGHT(OT_Records!$B$3:$B$20000,4)=TEXT($D$2,"0"))*(OT_Records!$H$3:$H$20000<>"วันธรรมดา")*(OT_Records!$H$3:$H$20000<>"")) | D4: =SUMPRODUCT((OT_Records!$A$3:$A$20000=A4)*(MID(OT_Records!$B$3:$B$20000,4,2)=TEXT($B$2,"00"))*(RIGHT(OT_Records!$B$3:$B$20000,4)=TEXT($D$2,"0"))*IFERROR(VALUE(OT_Records!$I$3:$I$20000),0)) | E4: =COUNTIFS(OT_Records!$A$3:$A$20000,A4,OT_Records!$B$3:$B$20000,"*/"&TEXT($B$2,"00")&"/"&TEXT($D$2,"0"))
A5: Petch | B5: =SUMPRODUCT((OT_Records!$A$3:$A$20000=A5)*(MID(OT_Records!$B$3:$B$20000,4,2)=TEXT($B$2,"00"))*(RIGHT(OT_Records!$B$3:$B$20000,4)=TEXT($D$2,"0"))*(OT_Records!$H$3:$H$20000="วันธรรมดา")*IFERROR(VALUE(OT_Records!$E$3:$E$20000),0)) | C5: =SUMPRODUCT((OT_Records!$A$3:$A$20000=A5)*(MID(OT_Records!$B$3:$B$20000,4,2)=TEXT($B$2,"00"))*(RIGHT(OT_Records!$B$3:$B$20000,4)=TEXT($D$2,"0"))*(OT_Records!$H$3:$H$20000<>"วันธรรมดา")*(OT_Records!$H$3:$H$20000<>"")) | D5: =SUMPRODUCT((OT_Records!$A$3:$A$20000=A5)*(MID(OT_Records!$B$3:$B$20000,4,2)=TEXT($B$2,"00"))*(RIGHT(OT_Records!$B$3:$B$20000,4)=TEXT($D$2,"0"))*IFERROR(VALUE(OT_Records!$I$3:$I$20000),0)) | E5: =COUNTIFS(OT_Records!$A$3:$A$20000,A5,OT_Records!$B$3:$B$20000,"*/"&TEXT($B$2,"00")&"/"&TEXT($D$2,"0"))
A6: Touch | B6: =SUMPRODUCT((OT_Records!$A$3:$A$20000=A6)*(MID(OT_Records!$B$3:$B$20000,4,2)=TEXT($B$2,"00"))*(RIGHT(OT_Records!$B$3:$B$20000,4)=TEXT($D$2,"0"))*(OT_Records!$H$3:$H$20000="วันธรรมดา")*IFERROR(VALUE(OT_Records!$E$3:$E$20000),0)) | C6: =SUMPRODUCT((OT_Records!$A$3:$A$20000=A6)*(MID(OT_Records!$B$3:$B$20000,4,2)=TEXT($B$2,"00"))*(RIGHT(OT_Records!$B$3:$B$20000,4)=TEXT($D$2,"0"))*(OT_Records!$H$3:$H$20000<>"วันธรรมดา")*(OT_Records!$H$3:$H$20000<>"")) | D6: =SUMPRODUCT((OT_Records!$A$3:$A$20000=A6)*(MID(OT_Records!$B$3:$B$20000,4,2)=TEXT($B$2,"00"))*(RIGHT(OT_Records!$B$3:$B$20000,4)=TEXT($D$2,"0"))*IFERROR(VALUE(OT_Records!$I$3:$I$20000),0)) | E6: =COUNTIFS(OT_Records!$A$3:$A$20000,A6,OT_Records!$B$3:$B$20000,"*/"&TEXT($B$2,"00")&"/"&TEXT($D$2,"0"))
A7: Scene | B7: =SUMPRODUCT((OT_Records!$A$3:$A$20000=A7)*(MID(OT_Records!$B$3:$B$20000,4,2)=TEXT($B$2,"00"))*(RIGHT(OT_Records!$B$3:$B$20000,4)=TEXT($D$2,"0"))*(OT_Records!$H$3:$H$20000="วันธรรมดา")*IFERROR(VALUE(OT_Records!$E$3:$E$20000),0)) | C7: =SUMPRODUCT((OT_Records!$A$3:$A$20000=A7)*(MID(OT_Records!$B$3:$B$20000,4,2)=TEXT($B$2,"00"))*(RIGHT(OT_Records!$B$3:$B$20000,4)=TEXT($D$2,"0"))*(OT_Records!$H$3:$H$20000<>"วันธรรมดา")*(OT_Records!$H$3:$H$20000<>"")) | D7: =SUMPRODUCT((OT_Records!$A$3:$A$20000=A7)*(MID(OT_Records!$B$3:$B$20000,4,2)=TEXT($B$2,"00"))*(RIGHT(OT_Records!$B$3:$B$20000,4)=TEXT($D$2,"0"))*IFERROR(VALUE(OT_Records!$I$3:$I$20000),0)) | E7: =COUNTIFS(OT_Records!$A$3:$A$20000,A7,OT_Records!$B$3:$B$20000,"*/"&TEXT($B$2,"00")&"/"&TEXT($D$2,"0"))
A8: Aon | B8: =SUMPRODUCT((OT_Records!$A$3:$A$20000=A8)*(MID(OT_Records!$B$3:$B$20000,4,2)=TEXT($B$2,"00"))*(RIGHT(OT_Records!$B$3:$B$20000,4)=TEXT($D$2,"0"))*(OT_Records!$H$3:$H$20000="วันธรรมดา")*IFERROR(VALUE(OT_Records!$E$3:$E$20000),0)) | C8: =SUMPRODUCT((OT_Records!$A$3:$A$20000=A8)*(MID(OT_Records!$B$3:$B$20000,4,2)=TEXT($B$2,"00"))*(RIGHT(OT_Records!$B$3:$B$20000,4)=TEXT($D$2,"0"))*(OT_Records!$H$3:$H$20000<>"วันธรรมดา")*(OT_Records!$H$3:$H$20000<>"")) | D8: =SUMPRODUCT((OT_Records!$A$3:$A$20000=A8)*(MID(OT_Records!$B$3:$B$20000,4,2)=TEXT($B$2,"00"))*(RIGHT(OT_Records!$B$3:$B$20000,4)=TEXT($D$2,"0"))*IFERROR(VALUE(OT_Records!$I$3:$I$20000),0)) | E8: =COUNTIFS(OT_Records!$A$3:$A$20000,A8,OT_Records!$B$3:$B$20000,"*/"&TEXT($B$2,"00")&"/"&TEXT($D$2,"0"))
A9: Tin | B9: =SUMPRODUCT((OT_Records!$A$3:$A$20000=A9)*(MID(OT_Records!$B$3:$B$20000,4,2)=TEXT($B$2,"00"))*(RIGHT(OT_Records!$B$3:$B$20000,4)=TEXT($D$2,"0"))*(OT_Records!$H$3:$H$20000="วันธรรมดา")*IFERROR(VALUE(OT_Records!$E$3:$E$20000),0)) | C9: =SUMPRODUCT((OT_Records!$A$3:$A$20000=A9)*(MID(OT_Records!$B$3:$B$20000,4,2)=TEXT($B$2,"00"))*(RIGHT(OT_Records!$B$3:$B$20000,4)=TEXT($D$2,"0"))*(OT_Records!$H$3:$H$20000<>"วันธรรมดา")*(OT_Records!$H$3:$H$20000<>"")) | D9: =SUMPRODUCT((OT_Records!$A$3:$A$20000=A9)*(MID(OT_Records!$B$3:$B$20000,4,2)=TEXT($B$2,"00"))*(RIGHT(OT_Records!$B$3:$B$20000,4)=TEXT($D$2,"0"))*IFERROR(VALUE(OT_Records!$I$3:$I$20000),0)) | E9: =COUNTIFS(OT_Records!$A$3:$A$20000,A9,OT_Records!$B$3:$B$20000,"*/"&TEXT($B$2,"00")&"/"&TEXT($D$2,"0"))
A10: Neng | B10: =SUMPRODUCT((OT_Records!$A$3:$A$20000=A10)*(MID(OT_Records!$B$3:$B$20000,4,2)=TEXT($B$2,"00"))*(RIGHT(OT_Records!$B$3:$B$20000,4)=TEXT($D$2,"0"))*(OT_Records!$H$3:$H$20000="วันธรรมดา")*IFERROR(VALUE(OT_Records!$E$3:$E$20000),0)) | C10: =SUMPRODUCT((OT_Records!$A$3:$A$20000=A10)*(MID(OT_Records!$B$3:$B$20000,4,2)=TEXT($B$2,"00"))*(RIGHT(OT_Records!$B$3:$B$20000,4)=TEXT($D$2,"0"))*(OT_Records!$H$3:$H$20000<>"วันธรรมดา")*(OT_Records!$H$3:$H$20000<>"")) | D10: =SUMPRODUCT((OT_Records!$A$3:$A$20000=A10)*(MID(OT_Records!$B$3:$B$20000,4,2)=TEXT($B$2,"00"))*(RIGHT(OT_Records!$B$3:$B$20000,4)=TEXT($D$2,"0"))*IFERROR(VALUE(OT_Records!$I$3:$I$20000),0)) | E10: =COUNTIFS(OT_Records!$A$3:$A$20000,A10,OT_Records!$B$3:$B$20000,"*/"&TEXT($B$2,"00")&"/"&TEXT($D$2,"0"))
A11: รวมทั้งหมด | B11: =SUM(B4:B10) | C11: =SUM(C4:C10) | D11: =SUM(D4:D10) | E11: =SUM(E4:E10)

Sheet Payroll_Log
A1: 💰 ประวัติการจ่ายเงิน OT
A2: ID | B2: วันตัดรอบ | C2: จ่ายเมื่อ | D2: จำนวนรายการ | E2: จำนวนคน | F2: ยอดรวม (฿) | G2: ทำโดย | H2: สถานะ | I2: ยกเลิกเมื่อ | J2: ยกเลิกโดย
